loc,std,height,loss
0.0,1.0,0.0,906442113024.0
0.0,1.0,1111.111111111111,792666243072.0
0.0,1.0,2222.222222222222,1452142886912.0
0.0,1.0,3333.333333333333,2932521566208.0
0.0,1.0,4444.444444444444,5454543978496.0
0.0,1.0,5555.555555555556,9187366010880.0
0.0,1.0,6666.666666666666,14312064155648.0
0.0,1.0,7777.777777777777,20950389096448.0
0.0,1.0,8888.888888888889,29551774138368.0
0.0,1.0,10000.0,40139787075584.0
0.0,0.35938136638046275,0.0,908032147456.0
0.0,0.35938136638046275,1111.111111111111,1313140244480.0
0.0,0.35938136638046275,2222.222222222222,4429385826304.0
0.0,0.35938136638046275,3333.333333333333,11650370371584.0
0.0,0.35938136638046275,4444.444444444444,25648575807488.0
0.0,0.35938136638046275,5555.555555555556,50393941803008.0
0.0,0.35938136638046275,6666.666666666666,92576099074048.0
0.0,0.35938136638046275,7777.777777777777,167794607915008.0
0.0,0.35938136638046275,8888.888888888889,309681302011904.0
0.0,0.35938136638046275,10000.0,623574826090496.0
0.0,0.12915496650148842,0.0,908764250112.0
0.0,0.12915496650148842,1111.111111111111,1233506271232.0
0.0,0.12915496650148842,2222.222222222222,3390133239808.0
0.0,0.12915496650148842,3333.333333333333,8594089574400.0
0.0,0.12915496650148842,4444.444444444444,18372368531456.0
0.0,0.12915496650148842,5555.555555555556,35859856359424.0
0.0,0.12915496650148842,6666.666666666666,67366826278912.0
0.0,0.12915496650148842,7777.777777777777,123463868088320.0
0.0,0.12915496650148842,8888.888888888889,228864882114560.0
0.0,0.12915496650148842,10000.0,459788899057664.0
0.0,0.046415888336127795,0.0,907777015808.0
0.0,0.046415888336127795,1111.111111111111,869092294656.0
0.0,0.046415888336127795,2222.222222222222,904908308480.0
0.0,0.046415888336127795,3333.333333333333,1033151643648.0
0.0,0.046415888336127795,4444.444444444444,1261779681280.0
0.0,0.046415888336127795,5555.555555555556,1612380635136.0
0.0,0.046415888336127795,6666.666666666666,2133747695616.0
0.0,0.046415888336127795,7777.777777777777,2830770110464.0
0.0,0.046415888336127795,8888.888888888889,3726301724672.0
0.0,0.046415888336127795,10000.0,4849825480704.0
0.0,0.016681005372000592,0.0,907930107904.0
0.0,0.016681005372000592,1111.111111111111,907845566464.0
0.0,0.016681005372000592,2222.222222222222,907302600704.0
0.0,0.016681005372000592,3333.333333333333,907583815680.0
0.0,0.016681005372000592,4444.444444444444,906640621568.0
0.0,0.016681005372000592,5555.555555555556,905774563328.0
0.0,0.016681005372000592,6666.666666666666,910738456576.0
0.0,0.016681005372000592,7777.777777777777,907984240640.0
0.0,0.016681005372000592,8888.888888888889,907937841152.0
0.0,0.016681005372000592,10000.0,907548884992.0
0.0,0.005994842503189409,0.0,907685986304.0
0.0,0.005994842503189409,1111.111111111111,909768327168.0
0.0,0.005994842503189409,2222.222222222222,909644595200.0
0.0,0.005994842503189409,3333.333333333333,906937827328.0
0.0,0.005994842503189409,4444.444444444444,908215582720.0
0.0,0.005994842503189409,5555.555555555556,909045334016.0
0.0,0.005994842503189409,6666.666666666666,907321868288.0
0.0,0.005994842503189409,7777.777777777777,906102833152.0
0.0,0.005994842503189409,8888.888888888889,904856207360.0
0.0,0.005994842503189409,10000.0,908057575424.0
0.0,0.0021544346900318847,0.0,907466768384.0
0.0,0.0021544346900318847,1111.111111111111,906697637888.0
0.0,0.0021544346900318847,2222.222222222222,909198622720.0
0.0,0.0021544346900318847,3333.333333333333,907316559872.0
0.0,0.0021544346900318847,4444.444444444444,909990690816.0
0.0,0.0021544346900318847,5555.555555555556,907855265792.0
0.0,0.0021544346900318847,6666.666666666666,909975552000.0
0.0,0.0021544346900318847,7777.777777777777,908827951104.0
0.0,0.0021544346900318847,8888.888888888889,906119217152.0
0.0,0.0021544346900318847,10000.0,908441354240.0
0.0,0.0007742636826811277,0.0,907490885632.0
0.0,0.0007742636826811277,1111.111111111111,907724652544.0
0.0,0.0007742636826811277,2222.222222222222,906909908992.0
0.0,0.0007742636826811277,3333.333333333333,906275389440.0
0.0,0.0007742636826811277,4444.444444444444,907143872512.0
0.0,0.0007742636826811277,5555.555555555556,908025790464.0
0.0,0.0007742636826811277,6666.666666666666,908823756800.0
0.0,0.0007742636826811277,7777.777777777777,905540468736.0
0.0,0.0007742636826811277,8888.888888888889,909035307008.0
0.0,0.0007742636826811277,10000.0,907964710912.0
0.0,0.0002782559402207126,0.0,908338331648.0
0.0,0.0002782559402207126,1111.111111111111,905930604544.0
0.0,0.0002782559402207126,2222.222222222222,907663441920.0
0.0,0.0002782559402207126,3333.333333333333,907349721088.0
0.0,0.0002782559402207126,4444.444444444444,904763408384.0
0.0,0.0002782559402207126,5555.555555555556,907578638336.0
0.0,0.0002782559402207126,6666.666666666666,907647909888.0
0.0,0.0002782559402207126,7777.777777777777,910149419008.0
0.0,0.0002782559402207126,8888.888888888889,907777474560.0
0.0,0.0002782559402207126,10000.0,906450567168.0
0.0,0.0001,0.0,905087942656.0
0.0,0.0001,1111.111111111111,903986610176.0
0.0,0.0001,2222.222222222222,905640738816.0
0.0,0.0001,3333.333333333333,906429661184.0
0.0,0.0001,4444.444444444444,908878217216.0
0.0,0.0001,5555.555555555556,906274930688.0
0.0,0.0001,6666.666666666666,908320178176.0
0.0,0.0001,7777.777777777777,908337020928.0
0.0,0.0001,8888.888888888889,907667439616.0
0.0,0.0001,10000.0,906046210048.0
0.1111111111111111,1.0,0.0,906623909888.0
0.1111111111111111,1.0,1111.111111111111,807372062720.0
0.1111111111111111,1.0,2222.222222222222,1537141243904.0
0.1111111111111111,1.0,3333.333333333333,3198211325952.0
0.1111111111111111,1.0,4444.444444444444,6013528309760.0
0.1111111111111111,1.0,5555.555555555556,10153140158464.0
0.1111111111111111,1.0,6666.666666666666,15900414574592.0
0.1111111111111111,1.0,7777.777777777777,23306491133952.0
0.1111111111111111,1.0,8888.888888888889,32847526100992.0
0.1111111111111111,1.0,10000.0,44580397383680.0
0.1111111111111111,0.35938136638046275,0.0,908068126720.0
0.1111111111111111,0.35938136638046275,1111.111111111111,1431806935040.0
0.1111111111111111,0.35938136638046275,2222.222222222222,5237125414912.0
0.1111111111111111,0.35938136638046275,3333.333333333333,14309908283392.0
0.1111111111111111,0.35938136638046275,4444.444444444444,31580594634752.0
0.1111111111111111,0.35938136638046275,5555.555555555556,61344149667840.0
0.1111111111111111,0.35938136638046275,6666.666666666666,112895413190656.0
0.1111111111111111,0.35938136638046275,7777.777777777777,204766407819264.0
0.1111111111111111,0.35938136638046275,8888.888888888889,375087278587904.0
0.1111111111111111,0.35938136638046275,10000.0,755014716882944.0
0.1111111111111111,0.12915496650148842,0.0,906368974848.0
0.1111111111111111,0.12915496650148842,1111.111111111111,1326667137024.0
0.1111111111111111,0.12915496650148842,2222.222222222222,3843045195776.0
0.1111111111111111,0.12915496650148842,3333.333333333333,9831731691520.0
0.1111111111111111,0.12915496650148842,4444.444444444444,21226472865792.0
0.1111111111111111,0.12915496650148842,5555.555555555556,41038387347456.0
0.1111111111111111,0.12915496650148842,6666.666666666666,76522610229248.0
0.1111111111111111,0.12915496650148842,7777.777777777777,141394668683264.0
0.1111111111111111,0.12915496650148842,8888.888888888889,270123428478976.0
0.1111111111111111,0.12915496650148842,10000.0,572361300508672.0
0.1111111111111111,0.046415888336127795,0.0,908318867456.0
0.1111111111111111,0.046415888336127795,1111.111111111111,1220447698944.0
0.1111111111111111,0.046415888336127795,2222.222222222222,3329528168448.0
0.1111111111111111,0.046415888336127795,3333.333333333333,8412302671872.0
0.1111111111111111,0.046415888336127795,4444.444444444444,18157859241984.0
0.1111111111111111,0.046415888336127795,5555.555555555556,35338458234880.0
0.1111111111111111,0.046415888336127795,6666.666666666666,66659607904256.0
0.1111111111111111,0.046415888336127795,7777.777777777777,121958800818176.0
0.1111111111111111,0.046415888336127795,8888.888888888889,225621175173120.0
0.1111111111111111,0.046415888336127795,10000.0,449970872254464.0
0.1111111111111111,0.016681005372000592,0.0,907236737024.0
0.1111111111111111,0.016681005372000592,1111.111111111111,1120825638912.0
0.1111111111111111,0.016681005372000592,2222.222222222222,2710518104064.0
0.1111111111111111,0.016681005372000592,3333.333333333333,6645816492032.0
0.1111111111111111,0.016681005372000592,4444.444444444444,14441108209664.0
0.1111111111111111,0.016681005372000592,5555.555555555556,28770276737024.0
0.1111111111111111,0.016681005372000592,6666.666666666666,55416063000576.0
0.1111111111111111,0.016681005372000592,7777.777777777777,105426020466688.0
0.1111111111111111,0.016681005372000592,8888.888888888889,204283978973184.0
0.1111111111111111,0.016681005372000592,10000.0,420142458601472.0
0.1111111111111111,0.005994842503189409,0.0,909640204288.0
0.1111111111111111,0.005994842503189409,1111.111111111111,911830482944.0
0.1111111111111111,0.005994842503189409,2222.222222222222,1322972086272.0
0.1111111111111111,0.005994842503189409,3333.333333333333,2326002139136.0
0.1111111111111111,0.005994842503189409,4444.444444444444,4152675532800.0
0.1111111111111111,0.005994842503189409,5555.555555555556,7160169234432.0
0.1111111111111111,0.005994842503189409,6666.666666666666,11973659983872.0
0.1111111111111111,0.005994842503189409,7777.777777777777,19442767495168.0
0.1111111111111111,0.005994842503189409,8888.888888888889,31117421838336.0
0.1111111111111111,0.005994842503189409,10000.0,48988619276288.0
0.1111111111111111,0.0021544346900318847,0.0,906210967552.0
0.1111111111111111,0.0021544346900318847,1111.111111111111,871873708032.0
0.1111111111111111,0.0021544346900318847,2222.222222222222,869423382528.0
0.1111111111111111,0.0021544346900318847,3333.333333333333,899302424576.0
0.1111111111111111,0.0021544346900318847,4444.444444444444,964572413952.0
0.1111111111111111,0.0021544346900318847,5555.555555555556,1070842707968.0
0.1111111111111111,0.0021544346900318847,6666.666666666666,1230555709440.0
0.1111111111111111,0.0021544346900318847,7777.777777777777,1440771080192.0
0.1111111111111111,0.0021544346900318847,8888.888888888889,1694306009088.0
0.1111111111111111,0.0021544346900318847,10000.0,2052013031424.0
0.1111111111111111,0.0007742636826811277,0.0,906341842944.0
0.1111111111111111,0.0007742636826811277,1111.111111111111,871628865536.0
0.1111111111111111,0.0007742636826811277,2222.222222222222,870628065280.0
0.1111111111111111,0.0007742636826811277,3333.333333333333,891165343744.0
0.1111111111111111,0.0007742636826811277,4444.444444444444,948419428352.0
0.1111111111111111,0.0007742636826811277,5555.555555555556,1043024642048.0
0.1111111111111111,0.0007742636826811277,6666.666666666666,1182972641280.0
0.1111111111111111,0.0007742636826811277,7777.777777777777,1361910824960.0
0.1111111111111111,0.0007742636826811277,8888.888888888889,1585999118336.0
0.1111111111111111,0.0007742636826811277,10000.0,1885967220736.0
0.1111111111111111,0.0002782559402207126,0.0,908609126400.0
0.1111111111111111,0.0002782559402207126,1111.111111111111,887801774080.0
0.1111111111111111,0.0002782559402207126,2222.222222222222,872061009920.0
0.1111111111111111,0.0002782559402207126,3333.333333333333,866288992256.0
0.1111111111111111,0.0002782559402207126,4444.444444444444,868275191808.0
0.1111111111111111,0.0002782559402207126,5555.555555555556,875432968192.0
0.1111111111111111,0.0002782559402207126,6666.666666666666,888980635648.0
0.1111111111111111,0.0002782559402207126,7777.777777777777,913590124544.0
0.1111111111111111,0.0002782559402207126,8888.888888888889,945330454528.0
0.1111111111111111,0.0002782559402207126,10000.0,986844364800.0
0.1111111111111111,0.0001,0.0,910255652864.0
0.1111111111111111,0.0001,1111.111111111111,909869252608.0
0.1111111111111111,0.0001,2222.222222222222,909528465408.0
0.1111111111111111,0.0001,3333.333333333333,908224626688.0
0.1111111111111111,0.0001,4444.444444444444,908847546368.0
0.1111111111111111,0.0001,5555.555555555556,908882083840.0
0.1111111111111111,0.0001,6666.666666666666,907221336064.0
0.1111111111111111,0.0001,7777.777777777777,907714625536.0
0.1111111111111111,0.0001,8888.888888888889,906459348992.0
0.1111111111111111,0.0001,10000.0,907537809408.0
0.2222222222222222,1.0,0.0,910923202560.0
0.2222222222222222,1.0,1111.111111111111,815713157120.0
0.2222222222222222,1.0,2222.222222222222,1604422598656.0
0.2222222222222222,1.0,3333.333333333333,3404424282112.0
0.2222222222222222,1.0,4444.444444444444,6474342334464.0
0.2222222222222222,1.0,5555.555555555556,10996045316096.0
0.2222222222222222,1.0,6666.666666666666,17174838116352.0
0.2222222222222222,1.0,7777.777777777777,25275328888832.0
0.2222222222222222,1.0,8888.888888888889,35538690113536.0
0.2222222222222222,1.0,10000.0,48292817797120.0
0.2222222222222222,0.35938136638046275,0.0,908635996160.0
0.2222222222222222,0.35938136638046275,1111.111111111111,1579417468928.0
0.2222222222222222,0.35938136638046275,2222.222222222222,6365552050176.0
0.2222222222222222,0.35938136638046275,3333.333333333333,17827790585856.0
0.2222222222222222,0.35938136638046275,4444.444444444444,38930502123520.0
0.2222222222222222,0.35938136638046275,5555.555555555556,75906768961536.0
0.2222222222222222,0.35938136638046275,6666.666666666666,140256242302976.0
0.2222222222222222,0.35938136638046275,7777.777777777777,252003900981248.0
0.2222222222222222,0.35938136638046275,8888.888888888889,462261088944128.0
0.2222222222222222,0.35938136638046275,10000.0,935533937164288.0
0.2222222222222222,0.12915496650148842,0.0,908015697920.0
0.2222222222222222,0.12915496650148842,1111.111111111111,1503006687232.0
0.2222222222222222,0.12915496650148842,2222.222222222222,4947477266432.0
0.2222222222222222,0.12915496650148842,3333.333333333333,13077359624192.0
0.2222222222222222,0.12915496650148842,4444.444444444444,29076756627456.0
0.2222222222222222,0.12915496650148842,5555.555555555556,57357543407616.0
0.2222222222222222,0.12915496650148842,6666.666666666666,108584322990080.0
0.2222222222222222,0.12915496650148842,7777.777777777777,203067244937216.0
0.2222222222222222,0.12915496650148842,8888.888888888889,388156931178496.0
0.2222222222222222,0.12915496650148842,10000.0,822098347950080.0
0.2222222222222222,0.046415888336127795,0.0,907588927488.0
0.2222222222222222,0.046415888336127795,1111.111111111111,1129918627840.0
0.2222222222222222,0.046415888336127795,2222.222222222222,2734353547264.0
0.2222222222222222,0.046415888336127795,3333.333333333333,6378194731008.0
0.2222222222222222,0.046415888336127795,4444.444444444444,13051881324544.0
0.2222222222222222,0.046415888336127795,5555.555555555556,24257312587776.0
0.2222222222222222,0.046415888336127795,6666.666666666666,42494075076608.0
0.2222222222222222,0.046415888336127795,7777.777777777777,72906600087552.0
0.2222222222222222,0.046415888336127795,8888.888888888889,126823547535360.0
0.2222222222222222,0.046415888336127795,10000.0,232979527892992.0
0.2222222222222222,0.016681005372000592,0.0,906223419392.0
0.2222222222222222,0.016681005372000592,1111.111111111111,899413966848.0
0.2222222222222222,0.016681005372000592,2222.222222222222,1033024897024.0
0.2222222222222222,0.016681005372000592,3333.333333333333,1398710206464.0
0.2222222222222222,0.016681005372000592,4444.444444444444,2102667116544.0
0.2222222222222222,0.016681005372000592,5555.555555555556,3444899840000.0
0.2222222222222222,0.016681005372000592,6666.666666666666,5796505583616.0
0.2222222222222222,0.016681005372000592,7777.777777777777,10019291529216.0
0.2222222222222222,0.016681005372000592,8888.888888888889,18728116813824.0
0.2222222222222222,0.016681005372000592,10000.0,39767567761408.0
0.2222222222222222,0.005994842503189409,0.0,910539358208.0
0.2222222222222222,0.005994842503189409,1111.111111111111,896160301056.0
0.2222222222222222,0.005994842503189409,2222.222222222222,915967705088.0
0.2222222222222222,0.005994842503189409,3333.333333333333,981989392384.0
0.2222222222222222,0.005994842503189409,4444.444444444444,1128027914240.0
0.2222222222222222,0.005994842503189409,5555.555555555556,1426628411392.0
0.2222222222222222,0.005994842503189409,6666.666666666666,1955109797888.0
0.2222222222222222,0.005994842503189409,7777.777777777777,2834747097088.0
0.2222222222222222,0.005994842503189409,8888.888888888889,4456669773824.0
0.2222222222222222,0.005994842503189409,10000.0,7630344421376.0
0.2222222222222222,0.0021544346900318847,0.0,909301252096.0
0.2222222222222222,0.0021544346900318847,1111.111111111111,896145686528.0
0.2222222222222222,0.0021544346900318847,2222.222222222222,901347672064.0
0.2222222222222222,0.0021544346900318847,3333.333333333333,902130892800.0
0.2222222222222222,0.0021544346900318847,4444.444444444444,902827016192.0
0.2222222222222222,0.0021544346900318847,5555.555555555556,915134873600.0
0.2222222222222222,0.0021544346900318847,6666.666666666666,927910133760.0
0.2222222222222222,0.0021544346900318847,7777.777777777777,953351536640.0
0.2222222222222222,0.0021544346900318847,8888.888888888889,988525232128.0
0.2222222222222222,0.0021544346900318847,10000.0,1032338735104.0
0.2222222222222222,0.0007742636826811277,0.0,906207035392.0
0.2222222222222222,0.0007742636826811277,1111.111111111111,897296302080.0
0.2222222222222222,0.0007742636826811277,2222.222222222222,895675990016.0
0.2222222222222222,0.0007742636826811277,3333.333333333333,895177523200.0
0.2222222222222222,0.0007742636826811277,4444.444444444444,899034775552.0
0.2222222222222222,0.0007742636826811277,5555.555555555556,902438518784.0
0.2222222222222222,0.0007742636826811277,6666.666666666666,912676618240.0
0.2222222222222222,0.0007742636826811277,7777.777777777777,920106041344.0
0.2222222222222222,0.0007742636826811277,8888.888888888889,938473357312.0
0.2222222222222222,0.0007742636826811277,10000.0,955684552704.0
0.2222222222222222,0.0002782559402207126,0.0,906788667392.0
0.2222222222222222,0.0002782559402207126,1111.111111111111,904329756672.0
0.2222222222222222,0.0002782559402207126,2222.222222222222,907599151104.0
0.2222222222222222,0.0002782559402207126,3333.333333333333,907648630784.0
0.2222222222222222,0.0002782559402207126,4444.444444444444,907768430592.0
0.2222222222222222,0.0002782559402207126,5555.555555555556,908094537728.0
0.2222222222222222,0.0002782559402207126,6666.666666666666,905177399296.0
0.2222222222222222,0.0002782559402207126,7777.777777777777,909901627392.0
0.2222222222222222,0.0002782559402207126,8888.888888888889,905248047104.0
0.2222222222222222,0.0002782559402207126,10000.0,908896436224.0
0.2222222222222222,0.0001,0.0,910647558144.0
0.2222222222222222,0.0001,1111.111111111111,906175840256.0
0.2222222222222222,0.0001,2222.222222222222,908525502464.0
0.2222222222222222,0.0001,3333.333333333333,906038804480.0
0.2222222222222222,0.0001,4444.444444444444,906851188736.0
0.2222222222222222,0.0001,5555.555555555556,907834949632.0
0.2222222222222222,0.0001,6666.666666666666,905277472768.0
0.2222222222222222,0.0001,7777.777777777777,909242728448.0
0.2222222222222222,0.0001,8888.888888888889,908219187200.0
0.2222222222222222,0.0001,10000.0,907146952704.0
0.3333333333333333,1.0,0.0,907094327296.0
0.3333333333333333,1.0,1111.111111111111,819784450048.0
0.3333333333333333,1.0,2222.222222222222,1666030895104.0
0.3333333333333333,1.0,3333.333333333333,3568312778752.0
0.3333333333333333,1.0,4444.444444444444,6821730320384.0
0.3333333333333333,1.0,5555.555555555556,11621331107840.0
0.3333333333333333,1.0,6666.666666666666,18173745168384.0
0.3333333333333333,1.0,7777.777777777777,26721541685248.0
0.3333333333333333,1.0,8888.888888888889,37633833041920.0
0.3333333333333333,1.0,10000.0,51188649164800.0
0.3333333333333333,0.35938136638046275,0.0,906492772352.0
0.3333333333333333,0.35938136638046275,1111.111111111111,1674393812992.0
0.3333333333333333,0.35938136638046275,2222.222222222222,7281035444224.0
0.3333333333333333,0.35938136638046275,3333.333333333333,20187151597568.0
0.3333333333333333,0.35938136638046275,4444.444444444444,43700243660800.0
0.3333333333333333,0.35938136638046275,5555.555555555556,83890744066048.0
0.3333333333333333,0.35938136638046275,6666.666666666666,150677988835328.0
0.3333333333333333,0.35938136638046275,7777.777777777777,263873227653120.0
0.3333333333333333,0.35938136638046275,8888.888888888889,461317102108672.0
0.3333333333333333,0.35938136638046275,10000.0,851603900858368.0
0.3333333333333333,0.12915496650148842,0.0,904735555584.0
0.3333333333333333,0.12915496650148842,1111.111111111111,1221242257408.0
0.3333333333333333,0.12915496650148842,2222.222222222222,4711167033344.0
0.3333333333333333,0.12915496650148842,3333.333333333333,13321693560832.0
0.3333333333333333,0.12915496650148842,4444.444444444444,29684093943808.0
0.3333333333333333,0.12915496650148842,5555.555555555556,58689130070016.0
0.3333333333333333,0.12915496650148842,6666.666666666666,108910195245056.0
0.3333333333333333,0.12915496650148842,7777.777777777777,195451278065664.0
0.3333333333333333,0.12915496650148842,8888.888888888889,350983787905024.0
0.3333333333333333,0.12915496650148842,10000.0,655463616086016.0
0.3333333333333333,0.046415888336127795,0.0,907045175296.0
0.3333333333333333,0.046415888336127795,1111.111111111111,1061620416512.0
0.3333333333333333,0.046415888336127795,2222.222222222222,1575238762496.0
0.3333333333333333,0.046415888336127795,3333.333333333333,2687386779648.0
0.3333333333333333,0.046415888336127795,4444.444444444444,4736515309568.0
0.3333333333333333,0.046415888336127795,5555.555555555556,8148202553344.0
0.3333333333333333,0.046415888336127795,6666.666666666666,14095999827968.0
0.3333333333333333,0.046415888336127795,7777.777777777777,24534444933120.0
0.3333333333333333,0.046415888336127795,8888.888888888889,44830289821696.0
0.3333333333333333,0.046415888336127795,10000.0,90780928573440.0
0.3333333333333333,0.016681005372000592,0.0,909272285184.0
0.3333333333333333,0.016681005372000592,1111.111111111111,952920440832.0
0.3333333333333333,0.016681005372000592,2222.222222222222,1087650070528.0
0.3333333333333333,0.016681005372000592,3333.333333333333,1310898782208.0
0.3333333333333333,0.016681005372000592,4444.444444444444,1697555283968.0
0.3333333333333333,0.016681005372000592,5555.555555555556,2448605052928.0
0.3333333333333333,0.016681005372000592,6666.666666666666,3774660214784.0
0.3333333333333333,0.016681005372000592,7777.777777777777,5975129980928.0
0.3333333333333333,0.016681005372000592,8888.888888888889,10421956247552.0
0.3333333333333333,0.016681005372000592,10000.0,20241310547968.0
0.3333333333333333,0.005994842503189409,0.0,906766647296.0
0.3333333333333333,0.005994842503189409,1111.111111111111,934484770816.0
0.3333333333333333,0.005994842503189409,2222.222222222222,960715554816.0
0.3333333333333333,0.005994842503189409,3333.333333333333,1042925813760.0
0.3333333333333333,0.005994842503189409,4444.444444444444,1151539871744.0
0.3333333333333333,0.005994842503189409,5555.555555555556,1303463329792.0
0.3333333333333333,0.005994842503189409,6666.666666666666,1580953632768.0
0.3333333333333333,0.005994842503189409,7777.777777777777,2028717473792.0
0.3333333333333333,0.005994842503189409,8888.888888888889,2800736272384.0
0.3333333333333333,0.005994842503189409,10000.0,4228315873280.0
0.3333333333333333,0.0021544346900318847,0.0,907921129472.0
0.3333333333333333,0.0021544346900318847,1111.111111111111,926705778688.0
0.3333333333333333,0.0021544346900318847,2222.222222222222,936489648128.0
0.3333333333333333,0.0021544346900318847,3333.333333333333,945579884544.0
0.3333333333333333,0.0021544346900318847,4444.444444444444,968114765824.0
0.3333333333333333,0.0021544346900318847,5555.555555555556,1010618007552.0
0.3333333333333333,0.0021544346900318847,6666.666666666666,1065071017984.0
0.3333333333333333,0.0021544346900318847,7777.777777777777,1121379155968.0
0.3333333333333333,0.0021544346900318847,8888.888888888889,1200335355904.0
0.3333333333333333,0.0021544346900318847,10000.0,1288480358400.0
0.3333333333333333,0.0007742636826811277,0.0,907654987776.0
0.3333333333333333,0.0007742636826811277,1111.111111111111,905384099840.0
0.3333333333333333,0.0007742636826811277,2222.222222222222,907012931584.0
0.3333333333333333,0.0007742636826811277,3333.333333333333,906075766784.0
0.3333333333333333,0.0007742636826811277,4444.444444444444,908474253312.0
0.3333333333333333,0.0007742636826811277,5555.555555555556,908454985728.0
0.3333333333333333,0.0007742636826811277,6666.666666666666,907686445056.0
0.3333333333333333,0.0007742636826811277,7777.777777777777,908247171072.0
0.3333333333333333,0.0007742636826811277,8888.888888888889,908065112064.0
0.3333333333333333,0.0007742636826811277,10000.0,907566383104.0
0.3333333333333333,0.0002782559402207126,0.0,908091064320.0
0.3333333333333333,0.0002782559402207126,1111.111111111111,905195094016.0
0.3333333333333333,0.0002782559402207126,2222.222222222222,906725752832.0
0.3333333333333333,0.0002782559402207126,3333.333333333333,911783165952.0
0.3333333333333333,0.0002782559402207126,4444.444444444444,909560053760.0
0.3333333333333333,0.0002782559402207126,5555.555555555556,905874964480.0
0.3333333333333333,0.0002782559402207126,6666.666666666666,909934460928.0
0.3333333333333333,0.0002782559402207126,7777.777777777777,908960661504.0
0.3333333333333333,0.0002782559402207126,8888.888888888889,908761694208.0
0.3333333333333333,0.0002782559402207126,10000.0,906746658816.0
0.3333333333333333,0.0001,0.0,907579031552.0
0.3333333333333333,0.0001,1111.111111111111,906090840064.0
0.3333333333333333,0.0001,2222.222222222222,905022734336.0
0.3333333333333333,0.0001,3333.333333333333,910932377600.0
0.3333333333333333,0.0001,4444.444444444444,907267473408.0
0.3333333333333333,0.0001,5555.555555555556,908521701376.0
0.3333333333333333,0.0001,6666.666666666666,907751391232.0
0.3333333333333333,0.0001,7777.777777777777,909968277504.0
0.3333333333333333,0.0001,8888.888888888889,909622837248.0
0.3333333333333333,0.0001,10000.0,907047010304.0
0.4444444444444444,1.0,0.0,907310465024.0
0.4444444444444444,1.0,1111.111111111111,825455935488.0
0.4444444444444444,1.0,2222.222222222222,1698689974272.0
0.4444444444444444,1.0,3333.333333333333,3661843398656.0
0.4444444444444444,1.0,4444.444444444444,7034916306944.0
0.4444444444444444,1.0,5555.555555555556,11990053421056.0
0.4444444444444444,1.0,6666.666666666666,18775141253120.0
0.4444444444444444,1.0,7777.777777777777,27578656096256.0
0.4444444444444444,1.0,8888.888888888889,38834683248640.0
0.4444444444444444,1.0,10000.0,52848641441792.0
0.4444444444444444,0.35938136638046275,0.0,905629204480.0
0.4444444444444444,0.35938136638046275,1111.111111111111,1683513671680.0
0.4444444444444444,0.35938136638046275,2222.222222222222,7275696619520.0
0.4444444444444444,0.35938136638046275,3333.333333333333,19745644478464.0
0.4444444444444444,0.35938136638046275,4444.444444444444,41911561748480.0
0.4444444444444444,0.35938136638046275,5555.555555555556,77611904532480.0
0.4444444444444444,0.35938136638046275,6666.666666666666,133616298360832.0
0.4444444444444444,0.35938136638046275,7777.777777777777,221205277704192.0
0.4444444444444444,0.35938136638046275,8888.888888888889,360520796340224.0
0.4444444444444444,0.35938136638046275,10000.0,595172073144320.0
0.4444444444444444,0.12915496650148842,0.0,911595536384.0
0.4444444444444444,0.12915496650148842,1111.111111111111,768912261120.0
0.4444444444444444,0.12915496650148842,2222.222222222222,2013922328576.0
0.4444444444444444,0.12915496650148842,3333.333333333333,5396349583360.0
0.4444444444444444,0.12915496650148842,4444.444444444444,11766704635904.0
0.4444444444444444,0.12915496650148842,5555.555555555556,22768752001024.0
0.4444444444444444,0.12915496650148842,6666.666666666666,41212694233088.0
0.4444444444444444,0.12915496650148842,7777.777777777777,72630606495744.0
0.4444444444444444,0.12915496650148842,8888.888888888889,128936545615872.0
0.4444444444444444,0.12915496650148842,10000.0,247670597746688.0
0.4444444444444444,0.046415888336127795,0.0,907238113280.0
0.4444444444444444,0.046415888336127795,1111.111111111111,636028715008.0
0.4444444444444444,0.046415888336127795,2222.222222222222,912157310976.0
0.4444444444444444,0.046415888336127795,3333.333333333333,2267291058176.0
0.4444444444444444,0.046415888336127795,4444.444444444444,4988201336832.0
0.4444444444444444,0.046415888336127795,5555.555555555556,9760801816576.0
0.4444444444444444,0.046415888336127795,6666.666666666666,18186969808896.0
0.4444444444444444,0.046415888336127795,7777.777777777777,32094537383936.0
0.4444444444444444,0.046415888336127795,8888.888888888889,55340678774784.0
0.4444444444444444,0.046415888336127795,10000.0,97550459731968.0
0.4444444444444444,0.016681005372000592,0.0,908038897664.0
0.4444444444444444,0.016681005372000592,1111.111111111111,929714012160.0
0.4444444444444444,0.016681005372000592,2222.222222222222,1214772150272.0
0.4444444444444444,0.016681005372000592,3333.333333333333,2043819720704.0
0.4444444444444444,0.016681005372000592,4444.444444444444,3698585239552.0
0.4444444444444444,0.016681005372000592,5555.555555555556,6388138901504.0
0.4444444444444444,0.016681005372000592,6666.666666666666,11322972438528.0
0.4444444444444444,0.016681005372000592,7777.777777777777,20111062728704.0
0.4444444444444444,0.016681005372000592,8888.888888888889,36267106500608.0
0.4444444444444444,0.016681005372000592,10000.0,68519081279488.0
0.4444444444444444,0.005994842503189409,0.0,904828420096.0
0.4444444444444444,0.005994842503189409,1111.111111111111,917475622912.0
0.4444444444444444,0.005994842503189409,2222.222222222222,975509323776.0
0.4444444444444444,0.005994842503189409,3333.333333333333,1085623828480.0
0.4444444444444444,0.005994842503189409,4444.444444444444,1293162250240.0
0.4444444444444444,0.005994842503189409,5555.555555555556,1644861325312.0
0.4444444444444444,0.005994842503189409,6666.666666666666,2208093700096.0
0.4444444444444444,0.005994842503189409,7777.777777777777,3035716124672.0
0.4444444444444444,0.005994842503189409,8888.888888888889,4030106173440.0
0.4444444444444444,0.005994842503189409,10000.0,5454627340288.0
0.4444444444444444,0.0021544346900318847,0.0,910094106624.0
0.4444444444444444,0.0021544346900318847,1111.111111111111,920551292928.0
0.4444444444444444,0.0021544346900318847,2222.222222222222,920441520128.0
0.4444444444444444,0.0021544346900318847,3333.333333333333,939941953536.0
0.4444444444444444,0.0021544346900318847,4444.444444444444,981515501568.0
0.4444444444444444,0.0021544346900318847,5555.555555555556,1030035275776.0
0.4444444444444444,0.0021544346900318847,6666.666666666666,1096884486144.0
0.4444444444444444,0.0021544346900318847,7777.777777777777,1191436353536.0
0.4444444444444444,0.0021544346900318847,8888.888888888889,1305275400192.0
0.4444444444444444,0.0021544346900318847,10000.0,1444572823552.0
0.4444444444444444,0.0007742636826811277,0.0,906436149248.0
0.4444444444444444,0.0007742636826811277,1111.111111111111,905468575744.0
0.4444444444444444,0.0007742636826811277,2222.222222222222,907459887104.0
0.4444444444444444,0.0007742636826811277,3333.333333333333,908414484480.0
0.4444444444444444,0.0007742636826811277,4444.444444444444,907235295232.0
0.4444444444444444,0.0007742636826811277,5555.555555555556,906873995264.0
0.4444444444444444,0.0007742636826811277,6666.666666666666,906880483328.0
0.4444444444444444,0.0007742636826811277,7777.777777777777,905534308352.0
0.4444444444444444,0.0007742636826811277,8888.888888888889,906985799680.0
0.4444444444444444,0.0007742636826811277,10000.0,907053826048.0
0.4444444444444444,0.0002782559402207126,0.0,908646940672.0
0.4444444444444444,0.0002782559402207126,1111.111111111111,912176381952.0
0.4444444444444444,0.0002782559402207126,2222.222222222222,909567590400.0
0.4444444444444444,0.0002782559402207126,3333.333333333333,905684189184.0
0.4444444444444444,0.0002782559402207126,4444.444444444444,906473046016.0
0.4444444444444444,0.0002782559402207126,5555.555555555556,907316822016.0
0.4444444444444444,0.0002782559402207126,6666.666666666666,908655132672.0
0.4444444444444444,0.0002782559402207126,7777.777777777777,905621405696.0
0.4444444444444444,0.0002782559402207126,8888.888888888889,910733410304.0
0.4444444444444444,0.0002782559402207126,10000.0,904123777024.0
0.4444444444444444,0.0001,0.0,908923240448.0
0.4444444444444444,0.0001,1111.111111111111,905564782592.0
0.4444444444444444,0.0001,2222.222222222222,906391191552.0
0.4444444444444444,0.0001,3333.333333333333,906862002176.0
0.4444444444444444,0.0001,4444.444444444444,906294788096.0
0.4444444444444444,0.0001,5555.555555555556,910038466560.0
0.4444444444444444,0.0001,6666.666666666666,904138326016.0
0.4444444444444444,0.0001,7777.777777777777,907449204736.0
0.4444444444444444,0.0001,8888.888888888889,905974906880.0
0.4444444444444444,0.0001,10000.0,908174032896.0
0.5555555555555556,1.0,0.0,909892517888.0
0.5555555555555556,1.0,1111.111111111111,825596182528.0
0.5555555555555556,1.0,2222.222222222222,1708224020480.0
0.5555555555555556,1.0,3333.333333333333,3688910815232.0
0.5555555555555556,1.0,4444.444444444444,7070242308096.0
0.5555555555555556,1.0,5555.555555555556,12077444890624.0
0.5555555555555556,1.0,6666.666666666666,18912953499648.0
0.5555555555555556,1.0,7777.777777777777,27784663531520.0
0.5555555555555556,1.0,8888.888888888889,39108827152384.0
0.5555555555555556,1.0,10000.0,53200275111936.0
0.5555555555555556,0.35938136638046275,0.0,905671147520.0
0.5555555555555556,0.35938136638046275,1111.111111111111,1715610320896.0
0.5555555555555556,0.35938136638046275,2222.222222222222,7639632707584.0
0.5555555555555556,0.35938136638046275,3333.333333333333,20735582011392.0
0.5555555555555556,0.35938136638046275,4444.444444444444,43767872618496.0
0.5555555555555556,0.35938136638046275,5555.555555555556,82055006257152.0
0.5555555555555556,0.35938136638046275,6666.666666666666,142400311787520.0
0.5555555555555556,0.35938136638046275,7777.777777777777,238395414544384.0
0.5555555555555556,0.35938136638046275,8888.888888888889,390470475710464.0
0.5555555555555556,0.35938136638046275,10000.0,645263739846656.0
0.5555555555555556,0.12915496650148842,0.0,908097945600.0
0.5555555555555556,0.12915496650148842,1111.111111111111,768494010368.0
0.5555555555555556,0.12915496650148842,2222.222222222222,2041181503488.0
0.5555555555555556,0.12915496650148842,3333.333333333333,5584263839744.0
0.5555555555555556,0.12915496650148842,4444.444444444444,12117371518976.0
0.5555555555555556,0.12915496650148842,5555.555555555556,23337103261696.0
0.5555555555555556,0.12915496650148842,6666.666666666666,42793745514496.0
0.5555555555555556,0.12915496650148842,7777.777777777777,75647015714816.0
0.5555555555555556,0.12915496650148842,8888.888888888889,136244675739648.0
0.5555555555555556,0.12915496650148842,10000.0,258619476017152.0
0.5555555555555556,0.046415888336127795,0.0,908920356864.0
0.5555555555555556,0.046415888336127795,1111.111111111111,491734433792.0
0.5555555555555556,0.046415888336127795,2222.222222222222,663249747968.0
0.5555555555555556,0.046415888336127795,3333.333333333333,1853477617664.0
0.5555555555555556,0.046415888336127795,4444.444444444444,4336651075584.0
0.5555555555555556,0.046415888336127795,5555.555555555556,9045897379840.0
0.5555555555555556,0.046415888336127795,6666.666666666666,17266883166208.0
0.5555555555555556,0.046415888336127795,7777.777777777777,30813506764800.0
0.5555555555555556,0.046415888336127795,8888.888888888889,53787691581440.0
0.5555555555555556,0.046415888336127795,10000.0,94971180875776.0
0.5555555555555556,0.016681005372000592,0.0,906115809280.0
0.5555555555555556,0.016681005372000592,1111.111111111111,518741983232.0
0.5555555555555556,0.016681005372000592,2222.222222222222,345264914432.0
0.5555555555555556,0.016681005372000592,3333.333333333333,631434510336.0
0.5555555555555556,0.016681005372000592,4444.444444444444,1562673545216.0
0.5555555555555556,0.016681005372000592,5555.555555555556,3596464422912.0
0.5555555555555556,0.016681005372000592,6666.666666666666,7632922869760.0
0.5555555555555556,0.016681005372000592,7777.777777777777,15442614681600.0
0.5555555555555556,0.016681005372000592,8888.888888888889,30055740735488.0
0.5555555555555556,0.016681005372000592,10000.0,61706084548608.0
0.5555555555555556,0.005994842503189409,0.0,907195252736.0
0.5555555555555556,0.005994842503189409,1111.111111111111,737254113280.0
0.5555555555555556,0.005994842503189409,2222.222222222222,585255157760.0
0.5555555555555556,0.005994842503189409,3333.333333333333,480062013440.0
0.5555555555555556,0.005994842503189409,4444.444444444444,450834923520.0
0.5555555555555556,0.005994842503189409,5555.555555555556,547624845312.0
0.5555555555555556,0.005994842503189409,6666.666666666666,800611237888.0
0.5555555555555556,0.005994842503189409,7777.777777777777,1233402068992.0
0.5555555555555556,0.005994842503189409,8888.888888888889,1924115202048.0
0.5555555555555556,0.005994842503189409,10000.0,2974858870784.0
0.5555555555555556,0.0021544346900318847,0.0,907716526080.0
0.5555555555555556,0.0021544346900318847,1111.111111111111,826119553024.0
0.5555555555555556,0.0021544346900318847,2222.222222222222,744768012288.0
0.5555555555555556,0.0021544346900318847,3333.333333333333,669666574336.0
0.5555555555555556,0.0021544346900318847,4444.444444444444,603322253312.0
0.5555555555555556,0.0021544346900318847,5555.555555555556,543473270784.0
0.5555555555555556,0.0021544346900318847,6666.666666666666,502402285568.0
0.5555555555555556,0.0021544346900318847,7777.777777777777,481771520000.0
0.5555555555555556,0.0021544346900318847,8888.888888888889,476692938752.0
0.5555555555555556,0.0021544346900318847,10000.0,509875585024.0
0.5555555555555556,0.0007742636826811277,0.0,906232528896.0
0.5555555555555556,0.0007742636826811277,1111.111111111111,908234326016.0
0.5555555555555556,0.0007742636826811277,2222.222222222222,910411104256.0
0.5555555555555556,0.0007742636826811277,3333.333333333333,910341242880.0
0.5555555555555556,0.0007742636826811277,4444.444444444444,907324424192.0
0.5555555555555556,0.0007742636826811277,5555.555555555556,909300400128.0
0.5555555555555556,0.0007742636826811277,6666.666666666666,906873143296.0
0.5555555555555556,0.0007742636826811277,7777.777777777777,904525316096.0
0.5555555555555556,0.0007742636826811277,8888.888888888889,907326652416.0
0.5555555555555556,0.0007742636826811277,10000.0,906145955840.0
0.5555555555555556,0.0002782559402207126,0.0,910552006656.0
0.5555555555555556,0.0002782559402207126,1111.111111111111,905154527232.0
0.5555555555555556,0.0002782559402207126,2222.222222222222,909300334592.0
0.5555555555555556,0.0002782559402207126,3333.333333333333,909322682368.0
0.5555555555555556,0.0002782559402207126,4444.444444444444,905922609152.0
0.5555555555555556,0.0002782559402207126,5555.555555555556,905445703680.0
0.5555555555555556,0.0002782559402207126,6666.666666666666,907744837632.0
0.5555555555555556,0.0002782559402207126,7777.777777777777,906423042048.0
0.5555555555555556,0.0002782559402207126,8888.888888888889,906712252416.0
0.5555555555555556,0.0002782559402207126,10000.0,906481958912.0
0.5555555555555556,0.0001,0.0,905529196544.0
0.5555555555555556,0.0001,1111.111111111111,906134683648.0
0.5555555555555556,0.0001,2222.222222222222,906831659008.0
0.5555555555555556,0.0001,3333.333333333333,907025514496.0
0.5555555555555556,0.0001,4444.444444444444,909109952512.0
0.5555555555555556,0.0001,5555.555555555556,909450346496.0
0.5555555555555556,0.0001,6666.666666666666,908140216320.0
0.5555555555555556,0.0001,7777.777777777777,908995461120.0
0.5555555555555556,0.0001,8888.888888888889,905861726208.0
0.5555555555555556,0.0001,10000.0,907705909248.0
0.6666666666666666,1.0,0.0,909644136448.0
0.6666666666666666,1.0,1111.111111111111,827020279808.0
0.6666666666666666,1.0,2222.222222222222,1677507952640.0
0.6666666666666666,1.0,3333.333333333333,3628864634880.0
0.6666666666666666,1.0,4444.444444444444,6967734566912.0
0.6666666666666666,1.0,5555.555555555556,11864500076544.0
0.6666666666666666,1.0,6666.666666666666,18629114462208.0
0.6666666666666666,1.0,7777.777777777777,27330349105152.0
0.6666666666666666,1.0,8888.888888888889,38434219491328.0
0.6666666666666666,1.0,10000.0,52375930798080.0
0.6666666666666666,0.35938136638046275,0.0,909307871232.0
0.6666666666666666,0.35938136638046275,1111.111111111111,1765685854208.0
0.6666666666666666,0.35938136638046275,2222.222222222222,8080831021056.0
0.6666666666666666,0.35938136638046275,3333.333333333333,22550673358848.0
0.6666666666666666,0.35938136638046275,4444.444444444444,49448923168768.0
0.6666666666666666,0.35938136638046275,5555.555555555556,96346065338368.0
0.6666666666666666,0.35938136638046275,6666.666666666666,175380057030656.0
0.6666666666666666,0.35938136638046275,7777.777777777777,312628018675712.0
0.6666666666666666,0.35938136638046275,8888.888888888889,558337661861888.0
0.6666666666666666,0.35938136638046275,10000.0,1062568466579456.0
0.6666666666666666,0.12915496650148842,0.0,909485473792.0
0.6666666666666666,0.12915496650148842,1111.111111111111,1279785828352.0
0.6666666666666666,0.12915496650148842,2222.222222222222,5483565416448.0
0.6666666666666666,0.12915496650148842,3333.333333333333,15659474878464.0
0.6666666666666666,0.12915496650148842,4444.444444444444,34957363773440.0
0.6666666666666666,0.12915496650148842,5555.555555555556,70027273306112.0
0.6666666666666666,0.12915496650148842,6666.666666666666,130594537209856.0
0.6666666666666666,0.12915496650148842,7777.777777777777,236314939097088.0
0.6666666666666666,0.12915496650148842,8888.888888888889,425857181024256.0
0.6666666666666666,0.12915496650148842,10000.0,795243393843200.0
0.6666666666666666,0.046415888336127795,0.0,905810542592.0
0.6666666666666666,0.046415888336127795,1111.111111111111,895842058240.0
0.6666666666666666,0.046415888336127795,2222.222222222222,1222493077504.0
0.6666666666666666,0.046415888336127795,3333.333333333333,2125813252096.0
0.6666666666666666,0.046415888336127795,4444.444444444444,3910689095680.0
0.6666666666666666,0.046415888336127795,5555.555555555556,6972521840640.0
0.6666666666666666,0.046415888336127795,6666.666666666666,12408701583360.0
0.6666666666666666,0.046415888336127795,7777.777777777777,22315133829120.0
0.6666666666666666,0.046415888336127795,8888.888888888889,41602160525312.0
0.6666666666666666,0.046415888336127795,10000.0,86800500523008.0
0.6666666666666666,0.016681005372000592,0.0,905295167488.0
0.6666666666666666,0.016681005372000592,1111.111111111111,960218595328.0
0.6666666666666666,0.016681005372000592,2222.222222222222,1085346217984.0
0.6666666666666666,0.016681005372000592,3333.333333333333,1350938132480.0
0.6666666666666666,0.016681005372000592,4444.444444444444,1801470476288.0
0.6666666666666666,0.016681005372000592,5555.555555555556,2550518775808.0
0.6666666666666666,0.016681005372000592,6666.666666666666,3817818816512.0
0.6666666666666666,0.016681005372000592,7777.777777777777,5980020539392.0
0.6666666666666666,0.016681005372000592,8888.888888888889,10189238435840.0
0.6666666666666666,0.016681005372000592,10000.0,19364688429056.0
0.6666666666666666,0.005994842503189409,0.0,908680429568.0
0.6666666666666666,0.005994842503189409,1111.111111111111,925360390144.0
0.6666666666666666,0.005994842503189409,2222.222222222222,943500623872.0
0.6666666666666666,0.005994842503189409,3333.333333333333,1006600192000.0
0.6666666666666666,0.005994842503189409,4444.444444444444,1097907175424.0
0.6666666666666666,0.005994842503189409,5555.555555555556,1270251388928.0
0.6666666666666666,0.005994842503189409,6666.666666666666,1554013880320.0
0.6666666666666666,0.005994842503189409,7777.777777777777,2024577433600.0
0.6666666666666666,0.005994842503189409,8888.888888888889,2792911011840.0
0.6666666666666666,0.005994842503189409,10000.0,4125472587776.0
0.6666666666666666,0.0021544346900318847,0.0,905920970752.0
0.6666666666666666,0.0021544346900318847,1111.111111111111,921592725504.0
0.6666666666666666,0.0021544346900318847,2222.222222222222,923898871808.0
0.6666666666666666,0.0021544346900318847,3333.333333333333,932569939968.0
0.6666666666666666,0.0021544346900318847,4444.444444444444,943369224192.0
0.6666666666666666,0.0021544346900318847,5555.555555555556,976422830080.0
0.6666666666666666,0.0021544346900318847,6666.666666666666,1013172600832.0
0.6666666666666666,0.0021544346900318847,7777.777777777777,1062205390848.0
0.6666666666666666,0.0021544346900318847,8888.888888888889,1129651109888.0
0.6666666666666666,0.0021544346900318847,10000.0,1230503149568.0
0.6666666666666666,0.0007742636826811277,0.0,907099701248.0
0.6666666666666666,0.0007742636826811277,1111.111111111111,907765547008.0
0.6666666666666666,0.0007742636826811277,2222.222222222222,906319757312.0
0.6666666666666666,0.0007742636826811277,3333.333333333333,905563668480.0
0.6666666666666666,0.0007742636826811277,4444.444444444444,906866196480.0
0.6666666666666666,0.0007742636826811277,5555.555555555556,908118851584.0
0.6666666666666666,0.0007742636826811277,6666.666666666666,907595808768.0
0.6666666666666666,0.0007742636826811277,7777.777777777777,909345554432.0
0.6666666666666666,0.0007742636826811277,8888.888888888889,910083883008.0
0.6666666666666666,0.0007742636826811277,10000.0,909563068416.0
0.6666666666666666,0.0002782559402207126,0.0,906415046656.0
0.6666666666666666,0.0002782559402207126,1111.111111111111,908936478720.0
0.6666666666666666,0.0002782559402207126,2222.222222222222,907637293056.0
0.6666666666666666,0.0002782559402207126,3333.333333333333,909602324480.0
0.6666666666666666,0.0002782559402207126,4444.444444444444,906389356544.0
0.6666666666666666,0.0002782559402207126,5555.555555555556,906947657728.0
0.6666666666666666,0.0002782559402207126,6666.666666666666,906958340096.0
0.6666666666666666,0.0002782559402207126,7777.777777777777,907658264576.0
0.6666666666666666,0.0002782559402207126,8888.888888888889,905853665280.0
0.6666666666666666,0.0002782559402207126,10000.0,909094551552.0
0.6666666666666666,0.0001,0.0,906958274560.0
0.6666666666666666,0.0001,1111.111111111111,910552793088.0
0.6666666666666666,0.0001,2222.222222222222,908263686144.0
0.6666666666666666,0.0001,3333.333333333333,910048559104.0
0.6666666666666666,0.0001,4444.444444444444,907116216320.0
0.6666666666666666,0.0001,5555.555555555556,907159666688.0
0.6666666666666666,0.0001,6666.666666666666,904832352256.0
0.6666666666666666,0.0001,7777.777777777777,907219435520.0
0.6666666666666666,0.0001,8888.888888888889,905370927104.0
0.6666666666666666,0.0001,10000.0,908033720320.0
0.7777777777777777,1.0,0.0,909482983424.0
0.7777777777777777,1.0,1111.111111111111,822911696896.0
0.7777777777777777,1.0,2222.222222222222,1631958073344.0
0.7777777777777777,1.0,3333.333333333333,3488110608384.0
0.7777777777777777,1.0,4444.444444444444,6677774991360.0
0.7777777777777777,1.0,5555.555555555556,11345317593088.0
0.7777777777777777,1.0,6666.666666666666,17883614674944.0
0.7777777777777777,1.0,7777.777777777777,26260367474688.0
0.7777777777777777,1.0,8888.888888888889,36817554374656.0
0.7777777777777777,1.0,10000.0,50305555234816.0
0.7777777777777777,0.35938136638046275,0.0,906121641984.0
0.7777777777777777,0.35938136638046275,1111.111111111111,1671628980224.0
0.7777777777777777,0.35938136638046275,2222.222222222222,7259322056704.0
0.7777777777777777,0.35938136638046275,3333.333333333333,20331611815936.0
0.7777777777777777,0.35938136638046275,4444.444444444444,45209236799488.0
0.7777777777777777,0.35938136638046275,5555.555555555556,89882953252864.0
0.7777777777777777,0.35938136638046275,6666.666666666666,167640056201216.0
0.7777777777777777,0.35938136638046275,7777.777777777777,308694197731328.0
0.7777777777777777,0.35938136638046275,8888.888888888889,579041987919872.0
0.7777777777777777,0.35938136638046275,10000.0,1251911160299520.0
0.7777777777777777,0.12915496650148842,0.0,909494714368.0
0.7777777777777777,0.12915496650148842,1111.111111111111,1448998731776.0
0.7777777777777777,0.12915496650148842,2222.222222222222,5424701505536.0
0.7777777777777777,0.12915496650148842,3333.333333333333,14941446733824.0
0.7777777777777777,0.12915496650148842,4444.444444444444,33559444193280.0
0.7777777777777777,0.12915496650148842,5555.555555555556,68087231545344.0
0.7777777777777777,0.12915496650148842,6666.666666666666,131814609911808.0
0.7777777777777777,0.12915496650148842,7777.777777777777,249583686909952.0
0.7777777777777777,0.12915496650148842,8888.888888888889,489018600980480.0
0.7777777777777777,0.12915496650148842,10000.0,1091237910151168.0
0.7777777777777777,0.046415888336127795,0.0,906965549056.0
0.7777777777777777,0.046415888336127795,1111.111111111111,1247786565632.0
0.7777777777777777,0.046415888336127795,2222.222222222222,3464160346112.0
0.7777777777777777,0.046415888336127795,3333.333333333333,8597155086336.0
0.7777777777777777,0.046415888336127795,4444.444444444444,17826089795584.0
0.7777777777777777,0.046415888336127795,5555.555555555556,33769868230656.0
0.7777777777777777,0.046415888336127795,6666.666666666666,60797355032576.0
0.7777777777777777,0.046415888336127795,7777.777777777777,106195197100032.0
0.7777777777777777,0.046415888336127795,8888.888888888889,186792791769088.0
0.7777777777777777,0.046415888336127795,10000.0,341128884781056.0
0.7777777777777777,0.016681005372000592,0.0,908958629888.0
0.7777777777777777,0.016681005372000592,1111.111111111111,911440281600.0
0.7777777777777777,0.016681005372000592,2222.222222222222,1035779047424.0
0.7777777777777777,0.016681005372000592,3333.333333333333,1357332611072.0
0.7777777777777777,0.016681005372000592,4444.444444444444,2052146855936.0
0.7777777777777777,0.016681005372000592,5555.555555555556,3364766351360.0
0.7777777777777777,0.016681005372000592,6666.666666666666,5536424656896.0
0.7777777777777777,0.016681005372000592,7777.777777777777,9617261199360.0
0.7777777777777777,0.016681005372000592,8888.888888888889,18393021284352.0
0.7777777777777777,0.016681005372000592,10000.0,39519105581056.0
0.7777777777777777,0.005994842503189409,0.0,907338448896.0
0.7777777777777777,0.005994842503189409,1111.111111111111,906222698496.0
0.7777777777777777,0.005994842503189409,2222.222222222222,926815158272.0
0.7777777777777777,0.005994842503189409,3333.333333333333,1010124259328.0
0.7777777777777777,0.005994842503189409,4444.444444444444,1150393647104.0
0.7777777777777777,0.005994842503189409,5555.555555555556,1421546487808.0
0.7777777777777777,0.005994842503189409,6666.666666666666,1899146117120.0
0.7777777777777777,0.005994842503189409,7777.777777777777,2781374578688.0
0.7777777777777777,0.005994842503189409,8888.888888888889,4420658528256.0
0.7777777777777777,0.005994842503189409,10000.0,7537875746816.0
0.7777777777777777,0.0021544346900318847,0.0,908242911232.0
0.7777777777777777,0.0021544346900318847,1111.111111111111,902167199744.0
0.7777777777777777,0.0021544346900318847,2222.222222222222,899430023168.0
0.7777777777777777,0.0021544346900318847,3333.333333333333,905355722752.0
0.7777777777777777,0.0021544346900318847,4444.444444444444,921768165376.0
0.7777777777777777,0.0021544346900318847,5555.555555555556,929476116480.0
0.7777777777777777,0.0021544346900318847,6666.666666666666,945666981888.0
0.7777777777777777,0.0021544346900318847,7777.777777777777,971845074944.0
0.7777777777777777,0.0021544346900318847,8888.888888888889,1008126656512.0
0.7777777777777777,0.0021544346900318847,10000.0,1055557550080.0
0.7777777777777777,0.0007742636826811277,0.0,910308212736.0
0.7777777777777777,0.0007742636826811277,1111.111111111111,904817016832.0
0.7777777777777777,0.0007742636826811277,2222.222222222222,903626752000.0
0.7777777777777777,0.0007742636826811277,3333.333333333333,901966069760.0
0.7777777777777777,0.0007742636826811277,4444.444444444444,911224274944.0
0.7777777777777777,0.0007742636826811277,5555.555555555556,919764336640.0
0.7777777777777777,0.0007742636826811277,6666.666666666666,930947268608.0
0.7777777777777777,0.0007742636826811277,7777.777777777777,940703612928.0
0.7777777777777777,0.0007742636826811277,8888.888888888889,953859375104.0
0.7777777777777777,0.0007742636826811277,10000.0,981487779840.0
0.7777777777777777,0.0002782559402207126,0.0,909162250240.0
0.7777777777777777,0.0002782559402207126,1111.111111111111,908822577152.0
0.7777777777777777,0.0002782559402207126,2222.222222222222,904457814016.0
0.7777777777777777,0.0002782559402207126,3333.333333333333,906757931008.0
0.7777777777777777,0.0002782559402207126,4444.444444444444,906925309952.0
0.7777777777777777,0.0002782559402207126,5555.555555555556,910304739328.0
0.7777777777777777,0.0002782559402207126,6666.666666666666,908699697152.0
0.7777777777777777,0.0002782559402207126,7777.777777777777,908231442432.0
0.7777777777777777,0.0002782559402207126,8888.888888888889,908592349184.0
0.7777777777777777,0.0002782559402207126,10000.0,908249661440.0
0.7777777777777777,0.0001,0.0,905656008704.0
0.7777777777777777,0.0001,1111.111111111111,909442220032.0
0.7777777777777777,0.0001,2222.222222222222,909381664768.0
0.7777777777777777,0.0001,3333.333333333333,908371099648.0
0.7777777777777777,0.0001,4444.444444444444,907907694592.0
0.7777777777777777,0.0001,5555.555555555556,906932846592.0
0.7777777777777777,0.0001,6666.666666666666,908672696320.0
0.7777777777777777,0.0001,7777.777777777777,911890317312.0
0.7777777777777777,0.0001,8888.888888888889,907168317440.0
0.7777777777777777,0.0001,10000.0,909149798400.0
0.8888888888888888,1.0,0.0,910302248960.0
0.8888888888888888,1.0,1111.111111111111,815341830144.0
0.8888888888888888,1.0,2222.222222222222,1560739840000.0
0.8888888888888888,1.0,3333.333333333333,3284216315904.0
0.8888888888888888,1.0,4444.444444444444,6248721809408.0
0.8888888888888888,1.0,5555.555555555556,10605141426176.0
0.8888888888888888,1.0,6666.666666666666,16738206875648.0
0.8888888888888888,1.0,7777.777777777777,24559340224512.0
0.8888888888888888,1.0,8888.888888888889,34472797929472.0
0.8888888888888888,1.0,10000.0,47000972165120.0
0.8888888888888888,0.35938136638046275,0.0,907336679424.0
0.8888888888888888,0.35938136638046275,1111.111111111111,1528385241088.0
0.8888888888888888,0.35938136638046275,2222.222222222222,6039995940864.0
0.8888888888888888,0.35938136638046275,3333.333333333333,16698498351104.0
0.8888888888888888,0.35938136638046275,4444.444444444444,37239748820992.0
0.8888888888888888,0.35938136638046275,5555.555555555556,73704004386816.0
0.8888888888888888,0.35938136638046275,6666.666666666666,138020661493760.0
0.8888888888888888,0.35938136638046275,7777.777777777777,254182405701632.0
0.8888888888888888,0.35938136638046275,8888.888888888889,477159625850880.0
0.8888888888888888,0.35938136638046275,10000.0,1015835061649408.0
0.8888888888888888,0.12915496650148842,0.0,905575399424.0
0.8888888888888888,0.12915496650148842,1111.111111111111,1415868973056.0
0.8888888888888888,0.12915496650148842,2222.222222222222,4499341574144.0
0.8888888888888888,0.12915496650148842,3333.333333333333,11642027900928.0
0.8888888888888888,0.12915496650148842,4444.444444444444,25424813883392.0
0.8888888888888888,0.12915496650148842,5555.555555555556,50478750629888.0
0.8888888888888888,0.12915496650148842,6666.666666666666,95400417558528.0
0.8888888888888888,0.12915496650148842,7777.777777777777,179808201867264.0
0.8888888888888888,0.12915496650148842,8888.888888888889,348633937477632.0
0.8888888888888888,0.12915496650148842,10000.0,772260151427072.0
0.8888888888888888,0.046415888336127795,0.0,907060248576.0
0.8888888888888888,0.046415888336127795,1111.111111111111,1308767158272.0
0.8888888888888888,0.046415888336127795,2222.222222222222,4022838755328.0
0.8888888888888888,0.046415888336127795,3333.333333333333,10229620146176.0
0.8888888888888888,0.046415888336127795,4444.444444444444,22077922869248.0
0.8888888888888888,0.046415888336127795,5555.555555555556,43716643389440.0
0.8888888888888888,0.046415888336127795,6666.666666666666,82309030084608.0
0.8888888888888888,0.046415888336127795,7777.777777777777,152147219972096.0
0.8888888888888888,0.046415888336127795,8888.888888888889,284252176384000.0
0.8888888888888888,0.046415888336127795,10000.0,580188744187904.0
0.8888888888888888,0.016681005372000592,0.0,903956856832.0
0.8888888888888888,0.016681005372000592,1111.111111111111,1227294769152.0
0.8888888888888888,0.016681005372000592,2222.222222222222,3493515231232.0
0.8888888888888888,0.016681005372000592,3333.333333333333,8581689638912.0
0.8888888888888888,0.016681005372000592,4444.444444444444,18677999075328.0
0.8888888888888888,0.016681005372000592,5555.555555555556,37756310913024.0
0.8888888888888888,0.016681005372000592,6666.666666666666,72951017766912.0
0.8888888888888888,0.016681005372000592,7777.777777777777,137606734020608.0
0.8888888888888888,0.016681005372000592,8888.888888888889,263664821075968.0
0.8888888888888888,0.016681005372000592,10000.0,533103890137088.0
0.8888888888888888,0.005994842503189409,0.0,906982785024.0
0.8888888888888888,0.005994842503189409,1111.111111111111,910338555904.0
0.8888888888888888,0.005994842503189409,2222.222222222222,1484191432704.0
0.8888888888888888,0.005994842503189409,3333.333333333333,2645648211968.0
0.8888888888888888,0.005994842503189409,4444.444444444444,4936497102848.0
0.8888888888888888,0.005994842503189409,5555.555555555556,8592366239744.0
0.8888888888888888,0.005994842503189409,6666.666666666666,14178554216448.0
0.8888888888888888,0.005994842503189409,7777.777777777777,23196094955520.0
0.8888888888888888,0.005994842503189409,8888.888888888889,36406978150400.0
0.8888888888888888,0.005994842503189409,10000.0,56319260229632.0
0.8888888888888888,0.0021544346900318847,0.0,907329863680.0
0.8888888888888888,0.0021544346900318847,1111.111111111111,914276417536.0
0.8888888888888888,0.0021544346900318847,2222.222222222222,1121649164288.0
0.8888888888888888,0.0021544346900318847,3333.333333333333,1598563418112.0
0.8888888888888888,0.0021544346900318847,4444.444444444444,2077216735232.0
0.8888888888888888,0.0021544346900318847,5555.555555555556,2911774441472.0
0.8888888888888888,0.0021544346900318847,6666.666666666666,4186335870976.0
0.8888888888888888,0.0021544346900318847,7777.777777777777,6160371941376.0
0.8888888888888888,0.0021544346900318847,8888.888888888889,8179606355968.0
0.8888888888888888,0.0021544346900318847,10000.0,10611184369664.0
0.8888888888888888,0.0007742636826811277,0.0,908915834880.0
0.8888888888888888,0.0007742636826811277,1111.111111111111,914513854464.0
0.8888888888888888,0.0007742636826811277,2222.222222222222,1118663213056.0
0.8888888888888888,0.0007742636826811277,3333.333333333333,1592810143744.0
0.8888888888888888,0.0007742636826811277,4444.444444444444,2071464640512.0
0.8888888888888888,0.0007742636826811277,5555.555555555556,2941004546048.0
0.8888888888888888,0.0007742636826811277,6666.666666666666,4159308300288.0
0.8888888888888888,0.0007742636826811277,7777.777777777777,6056180711424.0
0.8888888888888888,0.0007742636826811277,8888.888888888889,7985356603392.0
0.8888888888888888,0.0007742636826811277,10000.0,10326032515072.0
0.8888888888888888,0.0002782559402207126,0.0,905994502144.0
0.8888888888888888,0.0002782559402207126,1111.111111111111,898571960320.0
0.8888888888888888,0.0002782559402207126,2222.222222222222,911790702592.0
0.8888888888888888,0.0002782559402207126,3333.333333333333,971591385088.0
0.8888888888888888,0.0002782559402207126,4444.444444444444,1106032590848.0
0.8888888888888888,0.0002782559402207126,5555.555555555556,1286339952640.0
0.8888888888888888,0.0002782559402207126,6666.666666666666,1556287586304.0
0.8888888888888888,0.0002782559402207126,7777.777777777777,1813923495936.0
0.8888888888888888,0.0002782559402207126,8888.888888888889,2054619398144.0
0.8888888888888888,0.0002782559402207126,10000.0,2366820581376.0
0.8888888888888888,0.0001,0.0,907000152064.0
0.8888888888888888,0.0001,1111.111111111111,912004087808.0
0.8888888888888888,0.0001,2222.222222222222,907397496832.0
0.8888888888888888,0.0001,3333.333333333333,907591417856.0
0.8888888888888888,0.0001,4444.444444444444,907960713216.0
0.8888888888888888,0.0001,5555.555555555556,910239793152.0
0.8888888888888888,0.0001,6666.666666666666,906660413440.0
0.8888888888888888,0.0001,7777.777777777777,910051770368.0
0.8888888888888888,0.0001,8888.888888888889,906737680384.0
0.8888888888888888,0.0001,10000.0,905167110144.0
1.0,1.0,0.0,905951313920.0
1.0,1.0,1111.111111111111,805149540352.0
1.0,1.0,2222.222222222222,1467553021952.0
1.0,1.0,3333.333333333333,3031508713472.0
1.0,1.0,4444.444444444444,5716865712128.0
1.0,1.0,5555.555555555556,9702425493504.0
1.0,1.0,6666.666666666666,15253122318336.0
1.0,1.0,7777.777777777777,22378671243264.0
1.0,1.0,8888.888888888889,31429496930304.0
1.0,1.0,10000.0,42911714508800.0
1.0,0.35938136638046275,0.0,907164844032.0
1.0,0.35938136638046275,1111.111111111111,1405160783872.0
1.0,0.35938136638046275,2222.222222222222,5149969350656.0
1.0,0.35938136638046275,3333.333333333333,13838051180544.0
1.0,0.35938136638046275,4444.444444444444,30873418203136.0
1.0,0.35938136638046275,5555.555555555556,61286100500480.0
1.0,0.35938136638046275,6666.666666666666,114330343309312.0
1.0,0.35938136638046275,7777.777777777777,210837327314944.0
1.0,0.35938136638046275,8888.888888888889,398402173009920.0
1.0,0.35938136638046275,10000.0,832280373231616.0
1.0,0.12915496650148842,0.0,905883811840.0
1.0,0.12915496650148842,1111.111111111111,1326800830464.0
1.0,0.12915496650148842,2222.222222222222,4101985009664.0
1.0,0.12915496650148842,3333.333333333333,10393609043968.0
1.0,0.12915496650148842,4444.444444444444,22436183539712.0
1.0,0.12915496650148842,5555.555555555556,44292944953344.0
1.0,0.12915496650148842,6666.666666666666,83390153883648.0
1.0,0.12915496650148842,7777.777777777777,154684069249024.0
1.0,0.12915496650148842,8888.888888888889,290890887200768.0
1.0,0.12915496650148842,10000.0,599052173443072.0
1.0,0.046415888336127795,0.0,907246108672.0
1.0,0.046415888336127795,1111.111111111111,863306514432.0
1.0,0.046415888336127795,2222.222222222222,891316404224.0
1.0,0.046415888336127795,3333.333333333333,1014316859392.0
1.0,0.046415888336127795,4444.444444444444,1330301501440.0
1.0,0.046415888336127795,5555.555555555556,1654584901632.0
1.0,0.046415888336127795,6666.666666666666,2094878162944.0
1.0,0.046415888336127795,7777.777777777777,2751144394752.0
1.0,0.046415888336127795,8888.888888888889,3592379695104.0
1.0,0.046415888336127795,10000.0,4692467777536.0
1.0,0.016681005372000592,0.0,909037862912.0
1.0,0.016681005372000592,1111.111111111111,908748849152.0
1.0,0.016681005372000592,2222.222222222222,908463439872.0
1.0,0.016681005372000592,3333.333333333333,907108876288.0
1.0,0.016681005372000592,4444.444444444444,909849526272.0
1.0,0.016681005372000592,5555.555555555556,906228989952.0
1.0,0.016681005372000592,6666.666666666666,907245649920.0
1.0,0.016681005372000592,7777.777777777777,906956374016.0
1.0,0.016681005372000592,8888.888888888889,909159104512.0
1.0,0.016681005372000592,10000.0,905799335936.0
1.0,0.005994842503189409,0.0,907525554176.0
1.0,0.005994842503189409,1111.111111111111,906799284224.0
1.0,0.005994842503189409,2222.222222222222,909062045696.0
1.0,0.005994842503189409,3333.333333333333,906343219200.0
1.0,0.005994842503189409,4444.444444444444,910850392064.0
1.0,0.005994842503189409,5555.555555555556,907677990912.0
1.0,0.005994842503189409,6666.666666666666,905821356032.0
1.0,0.005994842503189409,7777.777777777777,907946033152.0
1.0,0.005994842503189409,8888.888888888889,905156165632.0
1.0,0.005994842503189409,10000.0,906962927616.0
1.0,0.0021544346900318847,0.0,907402739712.0
1.0,0.0021544346900318847,1111.111111111111,909542096896.0
1.0,0.0021544346900318847,2222.222222222222,908085690368.0
1.0,0.0021544346900318847,3333.333333333333,908223381504.0
1.0,0.0021544346900318847,4444.444444444444,908671844352.0
1.0,0.0021544346900318847,5555.555555555556,905830268928.0
1.0,0.0021544346900318847,6666.666666666666,904721596416.0
1.0,0.0021544346900318847,7777.777777777777,907546525696.0
1.0,0.0021544346900318847,8888.888888888889,910571012096.0
1.0,0.0021544346900318847,10000.0,905122086912.0
1.0,0.0007742636826811277,0.0,908867928064.0
1.0,0.0007742636826811277,1111.111111111111,906391519232.0
1.0,0.0007742636826811277,2222.222222222222,908327124992.0
1.0,0.0007742636826811277,3333.333333333333,908765429760.0
1.0,0.0007742636826811277,4444.444444444444,905935847424.0
1.0,0.0007742636826811277,5555.555555555556,909660651520.0
1.0,0.0007742636826811277,6666.666666666666,908547850240.0
1.0,0.0007742636826811277,7777.777777777777,907520638976.0
1.0,0.0007742636826811277,8888.888888888889,904931901440.0
1.0,0.0007742636826811277,10000.0,907120541696.0
1.0,0.0002782559402207126,0.0,908036669440.0
1.0,0.0002782559402207126,1111.111111111111,909382975488.0
1.0,0.0002782559402207126,2222.222222222222,905892528128.0
1.0,0.0002782559402207126,3333.333333333333,906471735296.0
1.0,0.0002782559402207126,4444.444444444444,908116492288.0
1.0,0.0002782559402207126,5555.555555555556,906887430144.0
1.0,0.0002782559402207126,6666.666666666666,909463257088.0
1.0,0.0002782559402207126,7777.777777777777,909256163328.0
1.0,0.0002782559402207126,8888.888888888889,908016025600.0
1.0,0.0002782559402207126,10000.0,906700718080.0
1.0,0.0001,0.0,908523405312.0
1.0,0.0001,1111.111111111111,905845145600.0
1.0,0.0001,2222.222222222222,907720982528.0
1.0,0.0001,3333.333333333333,907416436736.0
1.0,0.0001,4444.444444444444,907529814016.0
1.0,0.0001,5555.555555555556,909332840448.0
1.0,0.0001,6666.666666666666,908344623104.0
1.0,0.0001,7777.777777777777,907444879360.0
1.0,0.0001,8888.888888888889,905318825984.0
1.0,0.0001,10000.0,911771959296.0
